Workbook

Sheet How to Use
B1: Local Lead Tracker — Find · Audit · Qualify
B2: Goal: 10 fully researched, audited and scored leads in each of 5 niches (50 total). Rows are pre-labelled by niche on the Leads sheet; just fill them in.
B4: How to fill the Leads sheet
B5: Step 1 · FIND (blue) | C5: Search Google Maps for one niche in one area at a time. Copy Business Name, Area, Maps link, Phone, Rating and Review count. Skip permanently-closed listings and big chains.
B6: Step 2 · AUDIT (orange) | C6: Open their website on your phone, then their Instagram. Fill every orange * field. Use the 'Niche Must-Have' column as your checklist. Write the Top 3 Gaps as specific things you saw — these become your outreach message later.
B7: Step 3 · QUALIFY (green) | C7: Answer High-Ticket and Decision-Maker. Score and Priority calculate themselves. Then set Stage: Qualified (Hot/Warm worth contacting) or Disqualified (pick a reason).
B9: Colour legend
B10: Header ending in * | C10: Mandatory field. Hover over any header for guidance.
B11: Red cell | C11: A mandatory field is still blank for a lead you have started.
B12: Grey cell | C12: Auto-calculated or pre-filled. Do not type here.
B13: Blue number on yellow | C13: Editable assumption (scoring points and thresholds on the Lists sheet).
B15: Opportunity Score (max 10)
B16: Website | C16: None = 3 · Broken or Outdated / Poor = 2 · Basic = 1 · Good = 0
B17: Demand | C17: 100+ reviews = 1 · Rating 4.0+ = 1
B18: Conversion gap | C18: No online booking / enquiry = 1
B19: Reachability & fit | C19: Active Instagram = 1 · WhatsApp available = 1 · High-ticket = 1 · Decision-maker reachable = 1
B20: Priority | C20: Hot = 7–10 · Warm = 5–6 · Cold = 0–4 (shown only after the audit is complete)
B21: The score is a prioritisation aid, not a prediction that they will buy. A 'Good' website usually means Disqualify unless you can name a specific improvement.
B23: Google Maps search starters (change the area each session)
B24: Salon / Beauty Parlour | C24: beauty parlour in Salt Lake · unisex salon Gariahat · bridal makeup salon Behala
B25: Dental Clinic | C25: dental clinic New Town · dentist Ballygunge · orthodontist Dum Dum
B26: Gym / Fitness Studio | C26: gym in Lake Town · fitness studio Tollygunge · CrossFit / yoga studio Kasba
B27: Restaurant / Cafe | C27: cafe Park Street · family restaurant Behala · bakery cafe Salt Lake
B28: Football Turf | C28: football turf Kolkata · 5-a-side turf New Town · box turf Rajarhat
B30: Example of a completed row (fictional)
B31: Lead ID / Niche | C31: SAL-01 · Salon / Beauty Parlour
B32: Business / Area | C32: Glow Studio Unisex Salon (example) · Salt Lake Sector V
B33: Maps link / Phone | C33: https://maps.app.goo.gl/xxxx · 98300 00000
B34: Rating / Reviews | C34: 4.6 · 412
B35: Website / Status / Mobile | C35: (blank) · None · No website
B36: Instagram / Activity | C36: instagram.com/glowstudio.example · Active
B37: WhatsApp / Online booking | C37: Yes · No
B38: Must-Have Present? | C38: No — prices only in Instagram highlights, booking by phone only
B39: Top 3 Gaps | C39: 1) No website 2) Price list scattered across Instagram stories 3) No way to book an appointment online
B40: High-ticket / Decision-maker | C40: Yes (bridal packages) · Owner: Rina (from Instagram bio) · Reachable: Yes
B41: Result | C41: Score 3+1+1+1+1+1+1+1 = 10 → Hot → Stage: Qualified
B43: Daily rhythm suggestion
B44: One niche per sitting: find 15 candidates on Maps → audit them → keep the best 10. Five sittings fills the whole sheet. Check the Dashboard at the end of each session.

Sheet Leads
A1: STEP 1 · FIND (from Google Maps) | K1: STEP 2 · AUDIT (website, mobile, social, conversion path) | V1: STEP 3 · QUALIFY (score & decide)
A2: Lead ID | B2: Niche * | C2: Business Name * | D2: Area / Locality * | E2: Google Maps Link * | F2: Phone * | G2: Google Rating * | H2: No. of Reviews * | I2: Date Added | J2: Researched By | K2: Website URL | L2: Website Status * | M2: Mobile Friendly * | N2: Instagram Link | O2: Instagram Activity * | P2: WhatsApp Available? * | Q2: Online Booking / Enquiry? * | R2: Niche Must-Have (check this) | S2: Must-Have Present? * | T2: Top 3 Gaps (for outreach) * | U2: Audit Status | V2: High-Ticket Service? * | W2: Decision-Maker Name / Role | X2: Decision-Maker Reachable? * | Y2: Opportunity Score (/10) | Z2: Priority | AA2: Stage * | AB2: Disqualify Reason | AC2: Notes
A3: SAL-01 | B3: Salon / Beauty Parlour | C3: Glow Studio Unisex Salon | D3: Salt Lake Sector V | E3: https://maps.app.goo.gl/xxxx | F3: 98300 00000 | G3: 4.6 | H3: 412 | I3: 46300 | J3: Nuba | L3: None | M3: No website | N3: glowstudio | O3: Active | P3: Yes | Q3: No | R3: =IF(B3="","",IFERROR(INDEX(Lists!$B$2:$B$6,MATCH(B3,Lists!$A$2:$A$6,0)),"")) | T3: 1) no website 2) scattered prices 3) can't book online | U3: =IF(C3="","",IF((L3="")+(M3="")+(O3="")+(P3="")+(Q3="")+(S3="")+(T3="")=0,"Complete",(L3="")+(M3="")+(O3="")+(P3="")+(Q3="")+(S3="")+(T3="")&" missing")) | Y3: =IF(C3="","",IF(L3="None",Lists!$M$2,IF(OR(L3="Broken",L3="Outdated / Poor"),Lists!$M$3,IF(L3="Basic",Lists!$M$4,0)))+IF(N(H3)>=Lists!$M$12,Lists!$M$5,0)+IF(N(G3)>=Lists!$M$13,Lists!$M$6,0)+IF(Q3="No",Lists!$M$7,0)+IF(O3="Active",Lists!$M$8,0)+IF(P3="Yes",Lists!$M$9,0)+IF(V3="Yes",Lists!$M$10,0)+IF(X3="Yes",Lists!$M$11,0)) | Z3: =IF(C3="","",IF(U3<>"Complete","Audit pending",IF(Y3>=Lists!$M$14,"Hot",IF(Y3>=Lists!$M$15,"Warm","Cold")))) | AA3: Audited
A4: SAL-02 | B4: Salon / Beauty Parlour | R4: =IF(B4="","",IFERROR(INDEX(Lists!$B$2:$B$6,MATCH(B4,Lists!$A$2:$A$6,0)),"")) | U4: =IF(C4="","",IF((L4="")+(M4="")+(O4="")+(P4="")+(Q4="")+(S4="")+(T4="")=0,"Complete",(L4="")+(M4="")+(O4="")+(P4="")+(Q4="")+(S4="")+(T4="")&" missing")) | Y4: =IF(C4="","",IF(L4="None",Lists!$M$2,IF(OR(L4="Broken",L4="Outdated / Poor"),Lists!$M$3,IF(L4="Basic",Lists!$M$4,0)))+IF(N(H4)>=Lists!$M$12,Lists!$M$5,0)+IF(N(G4)>=Lists!$M$13,Lists!$M$6,0)+IF(Q4="No",Lists!$M$7,0)+IF(O4="Active",Lists!$M$8,0)+IF(P4="Yes",Lists!$M$9,0)+IF(V4="Yes",Lists!$M$10,0)+IF(X4="Yes",Lists!$M$11,0)) | Z4: =IF(C4="","",IF(U4<>"Complete","Audit pending",IF(Y4>=Lists!$M$14,"Hot",IF(Y4>=Lists!$M$15,"Warm","Cold"))))
A5: SAL-03 | B5: Salon / Beauty Parlour | R5: =IF(B5="","",IFERROR(INDEX(Lists!$B$2:$B$6,MATCH(B5,Lists!$A$2:$A$6,0)),"")) | U5: =IF(C5="","",IF((L5="")+(M5="")+(O5="")+(P5="")+(Q5="")+(S5="")+(T5="")=0,"Complete",(L5="")+(M5="")+(O5="")+(P5="")+(Q5="")+(S5="")+(T5="")&" missing")) | Y5: =IF(C5="","",IF(L5="None",Lists!$M$2,IF(OR(L5="Broken",L5="Outdated / Poor"),Lists!$M$3,IF(L5="Basic",Lists!$M$4,0)))+IF(N(H5)>=Lists!$M$12,Lists!$M$5,0)+IF(N(G5)>=Lists!$M$13,Lists!$M$6,0)+IF(Q5="No",Lists!$M$7,0)+IF(O5="Active",Lists!$M$8,0)+IF(P5="Yes",Lists!$M$9,0)+IF(V5="Yes",Lists!$M$10,0)+IF(X5="Yes",Lists!$M$11,0)) | Z5: =IF(C5="","",IF(U5<>"Complete","Audit pending",IF(Y5>=Lists!$M$14,"Hot",IF(Y5>=Lists!$M$15,"Warm","Cold"))))
A6: SAL-04 | B6: Salon / Beauty Parlour | R6: =IF(B6="","",IFERROR(INDEX(Lists!$B$2:$B$6,MATCH(B6,Lists!$A$2:$A$6,0)),"")) | U6: =IF(C6="","",IF((L6="")+(M6="")+(O6="")+(P6="")+(Q6="")+(S6="")+(T6="")=0,"Complete",(L6="")+(M6="")+(O6="")+(P6="")+(Q6="")+(S6="")+(T6="")&" missing")) | Y6: =IF(C6="","",IF(L6="None",Lists!$M$2,IF(OR(L6="Broken",L6="Outdated / Poor"),Lists!$M$3,IF(L6="Basic",Lists!$M$4,0)))+IF(N(H6)>=Lists!$M$12,Lists!$M$5,0)+IF(N(G6)>=Lists!$M$13,Lists!$M$6,0)+IF(Q6="No",Lists!$M$7,0)+IF(O6="Active",Lists!$M$8,0)+IF(P6="Yes",Lists!$M$9,0)+IF(V6="Yes",Lists!$M$10,0)+IF(X6="Yes",Lists!$M$11,0)) | Z6: =IF(C6="","",IF(U6<>"Complete","Audit pending",IF(Y6>=Lists!$M$14,"Hot",IF(Y6>=Lists!$M$15,"Warm","Cold"))))
A7: SAL-05 | B7: Salon / Beauty Parlour | R7: =IF(B7="","",IFERROR(INDEX(Lists!$B$2:$B$6,MATCH(B7,Lists!$A$2:$A$6,0)),"")) | U7: =IF(C7="","",IF((L7="")+(M7="")+(O7="")+(P7="")+(Q7="")+(S7="")+(T7="")=0,"Complete",(L7="")+(M7="")+(O7="")+(P7="")+(Q7="")+(S7="")+(T7="")&" missing")) | Y7: =IF(C7="","",IF(L7="None",Lists!$M$2,IF(OR(L7="Broken",L7="Outdated / Poor"),Lists!$M$3,IF(L7="Basic",Lists!$M$4,0)))+IF(N(H7)>=Lists!$M$12,Lists!$M$5,0)+IF(N(G7)>=Lists!$M$13,Lists!$M$6,0)+IF(Q7="No",Lists!$M$7,0)+IF(O7="Active",Lists!$M$8,0)+IF(P7="Yes",Lists!$M$9,0)+IF(V7="Yes",Lists!$M$10,0)+IF(X7="Yes",Lists!$M$11,0)) | Z7: =IF(C7="","",IF(U7<>"Complete","Audit pending",IF(Y7>=Lists!$M$14,"Hot",IF(Y7>=Lists!$M$15,"Warm","Cold"))))
A8: SAL-06 | B8: Salon / Beauty Parlour | R8: =IF(B8="","",IFERROR(INDEX(Lists!$B$2:$B$6,MATCH(B8,Lists!$A$2:$A$6,0)),"")) | U8: =IF(C8="","",IF((L8="")+(M8="")+(O8="")+(P8="")+(Q8="")+(S8="")+(T8="")=0,"Complete",(L8="")+(M8="")+(O8="")+(P8="")+(Q8="")+(S8="")+(T8="")&" missing")) | Y8: =IF(C8="","",IF(L8="None",Lists!$M$2,IF(OR(L8="Broken",L8="Outdated / Poor"),Lists!$M$3,IF(L8="Basic",Lists!$M$4,0)))+IF(N(H8)>=Lists!$M$12,Lists!$M$5,0)+IF(N(G8)>=Lists!$M$13,Lists!$M$6,0)+IF(Q8="No",Lists!$M$7,0)+IF(O8="Active",Lists!$M$8,0)+IF(P8="Yes",Lists!$M$9,0)+IF(V8="Yes",Lists!$M$10,0)+IF(X8="Yes",Lists!$M$11,0)) | Z8: =IF(C8="","",IF(U8<>"Complete","Audit pending",IF(Y8>=Lists!$M$14,"Hot",IF(Y8>=Lists!$M$15,"Warm","Cold"))))
A9: SAL-07 | B9: Salon / Beauty Parlour | R9: =IF(B9="","",IFERROR(INDEX(Lists!$B$2:$B$6,MATCH(B9,Lists!$A$2:$A$6,0)),"")) | U9: =IF(C9="","",IF((L9="")+(M9="")+(O9="")+(P9="")+(Q9="")+(S9="")+(T9="")=0,"Complete",(L9="")+(M9="")+(O9="")+(P9="")+(Q9="")+(S9="")+(T9="")&" missing")) | Y9: =IF(C9="","",IF(L9="None",Lists!$M$2,IF(OR(L9="Broken",L9="Outdated / Poor"),Lists!$M$3,IF(L9="Basic",Lists!$M$4,0)))+IF(N(H9)>=Lists!$M$12,Lists!$M$5,0)+IF(N(G9)>=Lists!$M$13,Lists!$M$6,0)+IF(Q9="No",Lists!$M$7,0)+IF(O9="Active",Lists!$M$8,0)+IF(P9="Yes",Lists!$M$9,0)+IF(V9="Yes",Lists!$M$10,0)+IF(X9="Yes",Lists!$M$11,0)) | Z9: =IF(C9="","",IF(U9<>"Complete","Audit pending",IF(Y9>=Lists!$M$14,"Hot",IF(Y9>=Lists!$M$15,"Warm","Cold"))))
A10: SAL-08 | B10: Salon / Beauty Parlour | R10: =IF(B10="","",IFERROR(INDEX(Lists!$B$2:$B$6,MATCH(B10,Lists!$A$2:$A$6,0)),"")) | U10: =IF(C10="","",IF((L10="")+(M10="")+(O10="")+(P10="")+(Q10="")+(S10="")+(T10="")=0,"Complete",(L10="")+(M10="")+(O10="")+(P10="")+(Q10="")+(S10="")+(T10="")&" missing")) | Y10: =IF(C10="","",IF(L10="None",Lists!$M$2,IF(OR(L10="Broken",L10="Outdated / Poor"),Lists!$M$3,IF(L10="Basic",Lists!$M$4,0)))+IF(N(H10)>=Lists!$M$12,Lists!$M$5,0)+IF(N(G10)>=Lists!$M$13,Lists!$M$6,0)+IF(Q10="No",Lists!$M$7,0)+IF(O10="Active",Lists!$M$8,0)+IF(P10="Yes",Lists!$M$9,0)+IF(V10="Yes",Lists!$M$10,0)+IF(X10="Yes",Lists!$M$11,0)) | Z10: =IF(C10="","",IF(U10<>"Complete","Audit pending",IF(Y10>=Lists!$M$14,"Hot",IF(Y10>=Lists!$M$15,"Warm","Cold"))))
A11: SAL-09 | B11: Salon / Beauty Parlour | R11: =IF(B11="","",IFERROR(INDEX(Lists!$B$2:$B$6,MATCH(B11,Lists!$A$2:$A$6,0)),"")) | U11: =IF(C11="","",IF((L11="")+(M11="")+(O11="")+(P11="")+(Q11="")+(S11="")+(T11="")=0,"Complete",(L11="")+(M11="")+(O11="")+(P11="")+(Q11="")+(S11="")+(T11="")&" missing")) | Y11: =IF(C11="","",IF(L11="None",Lists!$M$2,IF(OR(L11="Broken",L11="Outdated / Poor"),Lists!$M$3,IF(L11="Basic",Lists!$M$4,0)))+IF(N(H11)>=Lists!$M$12,Lists!$M$5,0)+IF(N(G11)>=Lists!$M$13,Lists!$M$6,0)+IF(Q11="No",Lists!$M$7,0)+IF(O11="Active",Lists!$M$8,0)+IF(P11="Yes",Lists!$M$9,0)+IF(V11="Yes",Lists!$M$10,0)+IF(X11="Yes",Lists!$M$11,0)) | Z11: =IF(C11="","",IF(U11<>"Complete","Audit pending",IF(Y11>=Lists!$M$14,"Hot",IF(Y11>=Lists!$M$15,"Warm","Cold"))))
A12: SAL-10 | B12: Salon / Beauty Parlour | R12: =IF(B12="","",IFERROR(INDEX(Lists!$B$2:$B$6,MATCH(B12,Lists!$A$2:$A$6,0)),"")) | U12: =IF(C12="","",IF((L12="")+(M12="")+(O12="")+(P12="")+(Q12="")+(S12="")+(T12="")=0,"Complete",(L12="")+(M12="")+(O12="")+(P12="")+(Q12="")+(S12="")+(T12="")&" missing")) | Y12: =IF(C12="","",IF(L12="None",Lists!$M$2,IF(OR(L12="Broken",L12="Outdated / Poor"),Lists!$M$3,IF(L12="Basic",Lists!$M$4,0)))+IF(N(H12)>=Lists!$M$12,Lists!$M$5,0)+IF(N(G12)>=Lists!$M$13,Lists!$M$6,0)+IF(Q12="No",Lists!$M$7,0)+IF(O12="Active",Lists!$M$8,0)+IF(P12="Yes",Lists!$M$9,0)+IF(V12="Yes",Lists!$M$10,0)+IF(X12="Yes",Lists!$M$11,0)) | Z12: =IF(C12="","",IF(U12<>"Complete","Audit pending",IF(Y12>=Lists!$M$14,"Hot",IF(Y12>=Lists!$M$15,"Warm","Cold"))))
A13: DEN-01 | B13: Dental Clinic | R13: =IF(B13="","",IFERROR(INDEX(Lists!$B$2:$B$6,MATCH(B13,Lists!$A$2:$A$6,0)),"")) | U13: =IF(C13="","",IF((L13="")+(M13="")+(O13="")+(P13="")+(Q13="")+(S13="")+(T13="")=0,"Complete",(L13="")+(M13="")+(O13="")+(P13="")+(Q13="")+(S13="")+(T13="")&" missing")) | Y13: =IF(C13="","",IF(L13="None",Lists!$M$2,IF(OR(L13="Broken",L13="Outdated / Poor"),Lists!$M$3,IF(L13="Basic",Lists!$M$4,0)))+IF(N(H13)>=Lists!$M$12,Lists!$M$5,0)+IF(N(G13)>=Lists!$M$13,Lists!$M$6,0)+IF(Q13="No",Lists!$M$7,0)+IF(O13="Active",Lists!$M$8,0)+IF(P13="Yes",Lists!$M$9,0)+IF(V13="Yes",Lists!$M$10,0)+IF(X13="Yes",Lists!$M$11,0)) | Z13: =IF(C13="","",IF(U13<>"Complete","Audit pending",IF(Y13>=Lists!$M$14,"Hot",IF(Y13>=Lists!$M$15,"Warm","Cold"))))
A14: DEN-02 | B14: Dental Clinic | R14: =IF(B14="","",IFERROR(INDEX(Lists!$B$2:$B$6,MATCH(B14,Lists!$A$2:$A$6,0)),"")) | U14: =IF(C14="","",IF((L14="")+(M14="")+(O14="")+(P14="")+(Q14="")+(S14="")+(T14="")=0,"Complete",(L14="")+(M14="")+(O14="")+(P14="")+(Q14="")+(S14="")+(T14="")&" missing")) | Y14: =IF(C14="","",IF(L14="None",Lists!$M$2,IF(OR(L14="Broken",L14="Outdated / Poor"),Lists!$M$3,IF(L14="Basic",Lists!$M$4,0)))+IF(N(H14)>=Lists!$M$12,Lists!$M$5,0)+IF(N(G14)>=Lists!$M$13,Lists!$M$6,0)+IF(Q14="No",Lists!$M$7,0)+IF(O14="Active",Lists!$M$8,0)+IF(P14="Yes",Lists!$M$9,0)+IF(V14="Yes",Lists!$M$10,0)+IF(X14="Yes",Lists!$M$11,0)) | Z14: =IF(C14="","",IF(U14<>"Complete","Audit pending",IF(Y14>=Lists!$M$14,"Hot",IF(Y14>=Lists!$M$15,"Warm","Cold"))))
A15: DEN-03 | B15: Dental Clinic | R15: =IF(B15="","",IFERROR(INDEX(Lists!$B$2:$B$6,MATCH(B15,Lists!$A$2:$A$6,0)),"")) | U15: =IF(C15="","",IF((L15="")+(M15="")+(O15="")+(P15="")+(Q15="")+(S15="")+(T15="")=0,"Complete",(L15="")+(M15="")+(O15="")+(P15="")+(Q15="")+(S15="")+(T15="")&" missing")) | Y15: =IF(C15="","",IF(L15="None",Lists!$M$2,IF(OR(L15="Broken",L15="Outdated / Poor"),Lists!$M$3,IF(L15="Basic",Lists!$M$4,0)))+IF(N(H15)>=Lists!$M$12,Lists!$M$5,0)+IF(N(G15)>=Lists!$M$13,Lists!$M$6,0)+IF(Q15="No",Lists!$M$7,0)+IF(O15="Active",Lists!$M$8,0)+IF(P15="Yes",Lists!$M$9,0)+IF(V15="Yes",Lists!$M$10,0)+IF(X15="Yes",Lists!$M$11,0)) | Z15: =IF(C15="","",IF(U15<>"Complete","Audit pending",IF(Y15>=Lists!$M$14,"Hot",IF(Y15>=Lists!$M$15,"Warm","Cold"))))
... A52: TRF-10 | B52: Football Turf | R52: =IF(B52="","",IFERROR(INDEX(Lists!$B$2:$B$6,MATCH(B52,Lists!$A$2:$A$6,0)),"")) | U52: =IF(C52="","",IF((L52="")+(M52="")+(O52="")+(P52="")+(Q52="")+(S52="")+(T52="")=0,"Complete",(L52="")+(M52="")+(O52="")+(P52="")+(Q52="")+(S52="")+(T52="")&" missing")) | Y52: =IF(C52="","",IF(L52="None",Lists!$M$2,IF(OR(L52="Broken",L52="Outdated / Poor"),Lists!$M$3,IF(L52="Basic",Lists!$M$4,0)))+IF(N(H52)>=Lists!$M$12,Lists!$M$5,0)+IF(N(G52)>=Lists!$M$13,Lists!$M$6,0)+IF(Q52="No",Lists!$M$7,0)+IF(O52="Active",Lists!$M$8,0)+IF(P52="Yes",Lists!$M$9,0)+IF(V52="Yes",Lists!$M$10,0)+IF(X52="Yes",Lists!$M$11,0)) | Z52: =IF(C52="","",IF(U52<>"Complete","Audit pending",IF(Y52>=Lists!$M$14,"Hot",IF(Y52>=Lists!$M$15,"Warm","Cold"))))

Sheet Dashboard
A1: Lead Pipeline Dashboard
A2: Updates automatically from the Leads sheet. Target: 10 researched, audited and scored leads per niche.
A4: Niche | B4: Target | C4: Captured | D4: % of Target | E4: Audit Complete | F4: Hot | G4: Warm | H4: Cold | I4: Qualified | J4: Disqualified | K4: No Website | L4: Avg Score (audited)
A5: Salon / Beauty Parlour | B5: 10 | C5: =COUNTIFS(Leads!$B$3:$B$52,$A5,Leads!$C$3:$C$52,"<>") | D5: =IF(B5=0,0,C5/B5) | E5: =COUNTIFS(Leads!$B$3:$B$52,$A5,Leads!$U$3:$U$52,"Complete") | F5: =COUNTIFS(Leads!$B$3:$B$52,$A5,Leads!$Z$3:$Z$52,"Hot") | G5: =COUNTIFS(Leads!$B$3:$B$52,$A5,Leads!$Z$3:$Z$52,"Warm") | H5: =COUNTIFS(Leads!$B$3:$B$52,$A5,Leads!$Z$3:$Z$52,"Cold") | I5: =COUNTIFS(Leads!$B$3:$B$52,$A5,Leads!$AA$3:$AA$52,"Qualified") | J5: =COUNTIFS(Leads!$B$3:$B$52,$A5,Leads!$AA$3:$AA$52,"Disqualified") | K5: =COUNTIFS(Leads!$B$3:$B$52,$A5,Leads!$L$3:$L$52,"None") | L5: =IFERROR(AVERAGEIFS(Leads!$Y$3:$Y$52,Leads!$B$3:$B$52,$A5,Leads!$U$3:$U$52,"Complete"),0)
A6: Dental Clinic | B6: 10 | C6: =COUNTIFS(Leads!$B$3:$B$52,$A6,Leads!$C$3:$C$52,"<>") | D6: =IF(B6=0,0,C6/B6) | E6: =COUNTIFS(Leads!$B$3:$B$52,$A6,Leads!$U$3:$U$52,"Complete") | F6: =COUNTIFS(Leads!$B$3:$B$52,$A6,Leads!$Z$3:$Z$52,"Hot") | G6: =COUNTIFS(Leads!$B$3:$B$52,$A6,Leads!$Z$3:$Z$52,"Warm") | H6: =COUNTIFS(Leads!$B$3:$B$52,$A6,Leads!$Z$3:$Z$52,"Cold") | I6: =COUNTIFS(Leads!$B$3:$B$52,$A6,Leads!$AA$3:$AA$52,"Qualified") | J6: =COUNTIFS(Leads!$B$3:$B$52,$A6,Leads!$AA$3:$AA$52,"Disqualified") | K6: =COUNTIFS(Leads!$B$3:$B$52,$A6,Leads!$L$3:$L$52,"None") | L6: =IFERROR(AVERAGEIFS(Leads!$Y$3:$Y$52,Leads!$B$3:$B$52,$A6,Leads!$U$3:$U$52,"Complete"),0)
A7: Gym / Fitness Studio | B7: 10 | C7: =COUNTIFS(Leads!$B$3:$B$52,$A7,Leads!$C$3:$C$52,"<>") | D7: =IF(B7=0,0,C7/B7) | E7: =COUNTIFS(Leads!$B$3:$B$52,$A7,Leads!$U$3:$U$52,"Complete") | F7: =COUNTIFS(Leads!$B$3:$B$52,$A7,Leads!$Z$3:$Z$52,"Hot") | G7: =COUNTIFS(Leads!$B$3:$B$52,$A7,Leads!$Z$3:$Z$52,"Warm") | H7: =COUNTIFS(Leads!$B$3:$B$52,$A7,Leads!$Z$3:$Z$52,"Cold") | I7: =COUNTIFS(Leads!$B$3:$B$52,$A7,Leads!$AA$3:$AA$52,"Qualified") | J7: =COUNTIFS(Leads!$B$3:$B$52,$A7,Leads!$AA$3:$AA$52,"Disqualified") | K7: =COUNTIFS(Leads!$B$3:$B$52,$A7,Leads!$L$3:$L$52,"None") | L7: =IFERROR(AVERAGEIFS(Leads!$Y$3:$Y$52,Leads!$B$3:$B$52,$A7,Leads!$U$3:$U$52,"Complete"),0)
A8: Restaurant / Cafe | B8: 10 | C8: =COUNTIFS(Leads!$B$3:$B$52,$A8,Leads!$C$3:$C$52,"<>") | D8: =IF(B8=0,0,C8/B8) | E8: =COUNTIFS(Leads!$B$3:$B$52,$A8,Leads!$U$3:$U$52,"Complete") | F8: =COUNTIFS(Leads!$B$3:$B$52,$A8,Leads!$Z$3:$Z$52,"Hot") | G8: =COUNTIFS(Leads!$B$3:$B$52,$A8,Leads!$Z$3:$Z$52,"Warm") | H8: =COUNTIFS(Leads!$B$3:$B$52,$A8,Leads!$Z$3:$Z$52,"Cold") | I8: =COUNTIFS(Leads!$B$3:$B$52,$A8,Leads!$AA$3:$AA$52,"Qualified") | J8: =COUNTIFS(Leads!$B$3:$B$52,$A8,Leads!$AA$3:$AA$52,"Disqualified") | K8: =COUNTIFS(Leads!$B$3:$B$52,$A8,Leads!$L$3:$L$52,"None") | L8: =IFERROR(AVERAGEIFS(Leads!$Y$3:$Y$52,Leads!$B$3:$B$52,$A8,Leads!$U$3:$U$52,"Complete"),0)
A9: Football Turf | B9: 10 | C9: =COUNTIFS(Leads!$B$3:$B$52,$A9,Leads!$C$3:$C$52,"<>") | D9: =IF(B9=0,0,C9/B9) | E9: =COUNTIFS(Leads!$B$3:$B$52,$A9,Leads!$U$3:$U$52,"Complete") | F9: =COUNTIFS(Leads!$B$3:$B$52,$A9,Leads!$Z$3:$Z$52,"Hot") | G9: =COUNTIFS(Leads!$B$3:$B$52,$A9,Leads!$Z$3:$Z$52,"Warm") | H9: =COUNTIFS(Leads!$B$3:$B$52,$A9,Leads!$Z$3:$Z$52,"Cold") | I9: =COUNTIFS(Leads!$B$3:$B$52,$A9,Leads!$AA$3:$AA$52,"Qualified") | J9: =COUNTIFS(Leads!$B$3:$B$52,$A9,Leads!$AA$3:$AA$52,"Disqualified") | K9: =COUNTIFS(Leads!$B$3:$B$52,$A9,Leads!$L$3:$L$52,"None") | L9: =IFERROR(AVERAGEIFS(Leads!$Y$3:$Y$52,Leads!$B$3:$B$52,$A9,Leads!$U$3:$U$52,"Complete"),0)
A10: TOTAL | B10: =SUM(B5:B9) | C10: =SUM(C5:C9) | D10: =IF(B10=0,0,C10/B10) | E10: =SUM(E5:E9) | F10: =SUM(F5:F9) | G10: =SUM(G5:G9) | H10: =SUM(H5:H9) | I10: =SUM(I5:I9) | J10: =SUM(J5:J9) | K10: =SUM(K5:K9) | L10: =IFERROR(AVERAGEIFS(Leads!$Y$3:$Y$52,Leads!$U$3:$U$52,"Complete"),0)
A12: Blue 'Target' cells are editable. To see your best leads: on the Leads sheet, filter Priority = Hot and sort Opportunity Score largest to smallest.

Sheet Lists
A1: Niche | B1: Niche Must-Have (what to check) | C1: Website Status | D1: Mobile Friendly | E1: Instagram Activity | F1: Yes / No | G1: Must-Have Present | H1: Reachable | I1: Stage | J1: Disqualify Reason | L1: Scoring rule | M1: Points
A2: Salon / Beauty Parlour | B2: Service menu with prices + online appointment booking | C2: None | D2: Yes | E2: Active | F2: Yes | G2: Yes | H2: Yes | I2: New | J2: Website already good | L2: Website: None | M2: 3
A3: Dental Clinic | B3: Treatment pages + doctor profile + appointment booking | C3: Broken | D3: Partly | E3: Inactive | F3: No | G3: Partly | H3: Unknown | I3: Audited | J3: Permanently closed | L3: Website: Broken or Outdated / Poor | M3: 2
A4: Gym / Fitness Studio | B4: Membership plans + free-trial booking + trainer profiles | C4: Outdated / Poor | D4: No | E4: None | G4: No | H4: No | I4: Qualified | J4: Chain / franchise (no owner access) | L4: Website: Basic | M4: 1
A5: Restaurant / Cafe | B5: Online menu + table booking / delivery links | C5: Basic | D5: No website | I5: Disqualified | J5: Low demand (few reviews) | L5: 100+ Google reviews (real demand) | M5: 1
A6: Football Turf | B6: Hourly pricing + online slot booking + location / parking info | C6: Good | J6: Unreachable | L6: Rating 4.0 or higher (good reputation) | M6: 1
J7: Other (see notes) | L7: No online booking / enquiry path | M7: 1
L8: Active Instagram | M8: 1
L9: WhatsApp available | M9: 1
L10: High-ticket service | M10: 1
L11: Decision-maker reachable | M11: 1
L12: Review threshold (count) | M12: 100
L13: Rating threshold | M13: 4
L14: Hot if score at least | M14: 7
L15: Warm if score at least | M15: 5
L17: Blue values on yellow are editable assumptions. Source: adapted from the Lead Scoring System in your playbook (p.6), extended with rating and booking-gap points so the maximum is a true 10.
